family,plane_id,is_vacancy,sides,x_b,y_b,z_b,x_nm,y_nm,z_nm,r_b,r_nm,r_circum_nm,bx_b,by_b,bz_b,b_mag_b,nx,ny,nz,n_merged
c,0,1,64,966.020936,91.059303,2397.854747,312.3146,29.4395,775.2264,64.469515,20.8430,20.8597,0.000000,0.000000,0.816497,0.816497,0.000000,0.000000,1.000000,1
c,0,1,64,1088.141776,1126.407616,6.612551,351.7962,364.1676,2.1378,10.322884,3.3374,3.3401,0.000000,0.000000,0.816497,0.816497,0.000000,0.000000,1.000000,1
c,0,1,64,1004.752840,480.687988,265.885179,324.8366,155.4064,85.9607,125.888998,40.6999,40.7326,0.000000,0.000000,0.816497,0.816497,0.000000,0.000000,1.000000,1
c,0,1,64,766.682900,392.103341,305.041780,247.8686,126.7670,98.6200,128.947050,41.6886,41.7221,0.000000,0.000000,0.816497,0.816497,0.000000,0.000000,1.000000,1
c,0,1,64,580.985037,468.701265,1881.166544,187.8325,151.5311,608.1811,151.679750,49.0381,49.0775,0.000000,0.000000,0.816497,0.816497,0.000000,0.000000,1.000000,1
c,0,1,64,1147.666214,319.155129,1014.484397,371.0405,103.1829,327.9828,161.792533,52.3075,52.3496,0.000000,0.000000,0.816497,0.816497,0.000000,0.000000,1.000000,1
c,0,1,64,727.617847,999.913101,2210.596724,235.2388,323.2719,714.6859,125.459453,40.5610,40.5936,0.000000,0.000000,0.816497,0.816497,0.000000,0.000000,1.000000,1
c,0,1,64,1123.620303,768.903147,54.260887,363.2664,248.5864,17.5425,8.447772,2.7312,2.7334,0.000000,0.000000,0.816497,0.816497,0.000000,0.000000,1.000000,1
c,0,1,64,542.704302,304.150839,2390.455410,175.4563,98.3320,772.8342,45.819763,14.8135,14.8254,0.000000,0.000000,0.816497,0.816497,0.000000,0.000000,1.000000,1
c,0,1,64,1051.699256,820.738250,634.371077,340.0144,265.3447,205.0922,154.418185,49.9234,49.9635,0.000000,0.000000,0.816497,0.816497,0.000000,0.000000,1.000000,1
c,0,1,64,623.300928,729.912280,1055.721217,201.5132,235.9806,341.3147,152.662156,49.3557,49.3953,0.000000,0.000000,0.816497,0.816497,0.000000,0.000000,1.000000,1
c,0,1,64,638.827656,777.265987,276.250880,206.5330,251.2901,89.3119,117.164537,37.8793,37.9097,0.000000,0.000000,0.816497,0.816497,0.000000,0.000000,1.000000,1
c,0,1,64,1072.622031,838.681291,2372.302410,346.7787,271.1457,766.9654,46.516353,15.0387,15.0508,0.000000,0.000000,0.816497,0.816497,0.000000,0.000000,1.000000,1
c,0,1,64,536.333709,880.594240,2358.454127,173.3967,284.6961,762.4882,44.477039,14.3794,14.3910,0.000000,0.000000,0.816497,0.816497,0.000000,0.000000,1.000000,1
c,0,1,64,1080.775019,376.623576,1061.788272,349.4146,121.7624,343.2761,159.482913,51.5608,51.6023,0.000000,0.000000,0.816497,0.816497,0.000000,0.000000,1.000000,1
c,0,1,64,429.404627,381.157858,2113.443777,138.8265,123.2283,683.2764,150.405331,48.6260,48.6651,0.000000,0.000000,0.816497,0.816497,0.000000,0.000000,1.000000,1
c,0,1,64,932.374511,974.792432,565.063184,301.4367,315.1504,182.6849,153.536582,49.6384,49.6783,0.000000,0.000000,0.816497,0.816497,0.000000,0.000000,1.000000,1
c,0,1,64,398.635593,671.814427,1155.435221,128.8789,217.1976,373.5522,157.761108,51.0042,51.0452,0.000000,0.000000,0.816497,0.816497,0.000000,0.000000,1.000000,1
c,0,1,64,554.532550,931.268480,1663.529532,179.2804,301.0791,537.8191,156.413493,50.5685,50.6091,0.000000,0.000000,0.816497,0.816497,0.000000,0.000000,1.000000,1
c,0,1,64,930.355021,259.704590,1966.739225,300.7838,83.9625,635.8468,156.153128,50.4843,50.5249,0.000000,0.000000,0.816497,0.816497,0.000000,0.000000,1.000000,1
c,0,1,64,914.445417,377.813331,1458.728276,295.6402,122.1471,471.6069,156.090803,50.4642,50.5047,0.000000,0.000000,0.816497,0.816497,0.000000,0.000000,1.000000,1
c,0,1,64,219.569417,656.418124,1336.214699,70.9868,212.2200,431.9982,162.887612,52.6616,52.7039,0.000000,0.000000,0.816497,0.816497,0.000000,0.000000,1.000000,1
c,0,1,64,503.324853,324.035847,391.126319,162.7249,104.7608,126.4511,150.479255,48.6499,48.6890,0.000000,0.000000,0.816497,0.816497,0.000000,0.000000,1.000000,1
c,0,1,64,785.367617,978.286574,1705.628680,253.9094,316.2800,551.4298,155.069417,50.1339,50.1742,0.000000,0.000000,0.816497,0.816497,0.000000,0.000000,1.000000,1
c,0,1,64,980.295956,265.667761,1072.185188,316.9297,85.8904,346.6375,160.266415,51.8141,51.8558,0.000000,0.000000,0.816497,0.816497,0.000000,0.000000,1.000000,1
c,0,1,64,458.550137,802.643330,1151.037746,148.2493,259.4946,372.1305,157.007940,50.7607,50.8015,0.000000,0.000000,0.816497,0.816497,0.000000,0.000000,1.000000,1
c,0,1,64,528.925394,754.201303,1768.349422,171.0016,243.8333,571.7074,153.077505,49.4900,49.5297,0.000000,0.000000,0.816497,0.816497,0.000000,0.000000,1.000000,1
c,0,1,64,1171.008766,565.811255,307.007310,378.5871,182.9268,99.2555,139.788257,45.1935,45.2299,0.000000,0.000000,0.816497,0.816497,0.000000,0.000000,1.000000,1
c,0,1,64,1162.848271,616.436125,1898.210542,375.9488,199.2938,613.6915,155.627687,50.3144,50.3549,0.000000,0.000000,0.816497,0.816497,0.000000,0.000000,1.000000,1
c,0,1,64,1135.426512,494.537778,1337.322099,367.0834,159.8841,432.3562,158.643105,51.2893,51.3305,0.000000,0.000000,0.816497,0.816497,0.000000,0.000000,1.000000,1
c,0,1,64,958.055245,685.259887,1761.273068,309.7393,221.5445,569.4196,151.602543,49.0131,49.0525,0.000000,0.000000,0.816497,0.816497,0.000000,0.000000,1.000000,1
c,0,1,64,726.730425,934.886532,276.046006,234.9519,302.2488,89.2457,124.677973,40.3084,40.3408,0.000000,0.000000,0.816497,0.816497,0.000000,0.000000,1.000000,1
c,0,1,64,828.105682,1060.118157,821.248875,267.7266,342.7362,265.5098,157.809977,51.0200,51.0610,0.000000,0.000000,0.816497,0.816497,0.000000,0.000000,1.000000,1
c,0,1,64,712.935529,539.383553,2322.501354,230.4921,174.3827,750.8647,54.210841,17.5264,17.5405,0.000000,0.000000,0.816497,0.816497,0.000000,0.000000,1.000000,1
c,0,1,64,933.499010,890.013364,2204.250894,301.8002,287.7413,712.6343,121.251636,39.2007,39.2322,0.000000,0.000000,0.816497,0.816497,0.000000,0.000000,1.000000,1
c,0,1,64,564.238929,179.303802,376.723431,182.4184,57.9689,121.7947,155.640947,50.3187,50.3592,0.000000,0.000000,0.816497,0.816497,0.000000,0.000000,1.000000,1
c,0,1,64,928.988591,237.615411,973.928229,300.3420,76.8211,314.8710,160.797216,51.9857,52.0275,0.000000,0.000000,0.816497,0.816497,0.000000,0.000000,1.000000,1
c,0,1,64,1223.886876,552.906758,928.816032,395.6826,178.7548,300.2862,160.957668,52.0376,52.0794,0.000000,0.000000,0.816497,0.816497,0.000000,0.000000,1.000000,1
c,0,1,64,708.714973,156.732467,2150.758843,229.1276,50.6716,695.3403,149.183374,48.2310,48.2698,0.000000,0.000000,0.816497,0.816497,0.000000,0.000000,1.000000,1
c,0,1,64,767.634376,1204.826046,87.878030,248.1762,389.5203,28.4110,59.733452,19.3118,19.3273,0.000000,0.000000,0.816497,0.816497,0.000000,0.000000,1.000000,1
c,0,1,64,484.763731,608.712068,1466.013542,156.7241,196.7966,473.9622,155.583246,50.3001,50.3405,0.000000,0.000000,0.816497,0.816497,0.000000,0.000000,1.000000,1
c,0,1,64,557.805991,1125.393372,248.665683,180.3387,363.8397,80.3936,139.716463,45.1703,45.2066,0.000000,0.000000,0.816497,0.816497,0.000000,0.000000,1.000000,1
c,0,1,64,484.762306,781.482944,913.834929,156.7237,252.6534,295.4428,155.353314,50.2257,50.2661,0.000000,0.000000,0.816497,0.816497,0.000000,0.000000,1.000000,1
c,0,1,64,1223.059077,817.264433,2192.062141,395.4150,264.2216,708.6937,142.476373,46.0626,46.0996,0.000000,0.000000,0.816497,0.816497,0.000000,0.000000,1.000000,1
c,0,1,64,1114.024708,1020.453026,1808.521681,360.1642,329.9125,584.6951,160.535312,51.9011,51.9428,0.000000,0.000000,0.816497,0.816497,0.000000,0.000000,1.000000,1
c,0,1,64,793.679578,1030.668304,821.267104,256.5966,333.2151,265.5157,156.753984,50.6786,50.7193,0.000000,0.000000,0.816497,0.816497,0.000000,0.000000,1.000000,1
c,0,1,64,396.492435,952.190001,1054.986828,128.1860,307.8430,341.0772,160.801001,51.9870,52.0287,0.000000,0.000000,0.816497,0.816497,0.000000,0.000000,1.000000,1
c,0,1,64,635.541284,543.581883,533.000686,205.4705,175.7400,172.3191,147.960235,47.8355,47.8740,0.000000,0.000000,0.816497,0.816497,0.000000,0.000000,1.000000,1
c,0,1,64,419.221140,378.813708,230.269133,135.5342,122.4705,74.4460,130.725375,42.2635,42.2975,0.000000,0.000000,0.816497,0.816497,0.000000,0.000000,1.000000,1
c,0,1,64,958.571692,1062.102102,1518.564715,309.9062,343.3776,490.9520,159.799428,51.6632,51.7047,0.000000,0.000000,0.816497,0.816497,0.000000,0.000000,1.000000,1
c,0,1,64,733.573592,946.473468,2391.593683,237.1643,305.9949,773.2022,23.072883,7.4595,7.4655,0.000000,0.000000,0.816497,0.816497,0.000000,0.000000,1.000000,1
c,0,1,64,745.642246,920.843571,785.156872,241.0661,297.7087,253.8412,153.595647,49.6575,49.6974,0.000000,0.000000,0.816497,0.816497,0.000000,0.000000,1.000000,1
c,0,1,64,789.931499,203.172161,1576.755596,255.3849,65.6856,509.7651,160.398588,51.8569,51.8985,0.000000,0.000000,0.816497,0.816497,0.000000,0.000000,1.000000,1
c,0,1,64,738.292431,1135.020458,1936.243152,238.6899,366.9521,625.9874,158.034045,51.0924,51.1335,0.000000,0.000000,0.816497,0.816497,0.000000,0.000000,1.000000,1
c,0,1,64,300.704244,818.624640,2075.431203,97.2177,264.6613,670.9869,154.239242,49.8655,49.9056,0.000000,0.000000,0.816497,0.816497,0.000000,0.000000,1.000000,1
c,0,1,64,447.138127,314.570778,2004.913780,144.5598,101.7007,648.1886,157.497374,50.9189,50.9598,0.000000,0.000000,0.816497,0.816497,0.000000,0.000000,1.000000,1
c,0,1,64,815.148400,391.886625,214.686270,263.5375,126.6969,69.4081,103.415246,33.4341,33.4610,0.000000,0.000000,0.816497,0.816497,0.000000,0.000000,1.000000,1
c,0,1,64,559.414582,332.109400,1489.377801,180.8587,107.3710,481.5158,158.360655,51.1980,51.2392,0.000000,0.000000,0.816497,0.816497,0.000000,0.000000,1.000000,1
c,0,1,64,847.591919,840.216668,2261.330021,274.0265,271.6420,731.0880,96.541818,31.2120,31.2371,0.000000,0.000000,0.816497,0.816497,0.000000,0.000000,1.000000,1
c,0,1,64,834.293389,360.478410,445.219619,269.7271,116.5427,143.9395,148.541584,48.0235,48.0621,0.000000,0.000000,0.816497,0.816497,0.000000,0.000000,1.000000,1
c,0,1,64,1092.065384,337.953664,2173.125286,353.0647,109.2604,702.5714,143.305658,46.3307,46.3680,0.000000,0.000000,0.816497,0.816497,0.000000,0.000000,1.000000,1
c,0,1,64,1129.455924,870.067305,1731.425801,365.1531,281.2928,559.7700,157.948490,51.0647,51.1058,0.000000,0.000000,0.816497,0.816497,0.000000,0.000000,1.000000,1
